,density_cells/ml,m_avg_dissolved_oxygen,temp_diff
0,-0.20614504467388362,2.9646491009988796,-0.31691961605679825
1,-0.22647961547469841,-0.45780041059744914,0.7372016262540114
2,-0.22792716448116132,-0.2076813517227844,0.14040079075389064
3,-0.22508917738983222,2.845101871830016,-0.20655818629157588
4,-0.22792589292069113,2.287582245107403,0.38738452113778743
5,-0.22694544888735207,-0.04006602032526006,0.4039113135054828
6,-0.2277122241306366,0.6204379588451819,-1.060546121298659
7,-0.22675103245811984,-0.6063071200563023,-0.7088314955772543
8,-0.09933917490170643,-0.803764316935762,-0.9810283223308579
9,0.07131400288946425,0.9165030590562543,-0.2072188630808509
10,1.5944770132808843,-0.7776756051043118,-0.749750609272827
11,-0.21463302622953398,2.9646491009988796,-0.31691961605679825
12,-0.2191736719627291,-0.45780041059744914,0.7372016262540114
13,-0.22767730573548048,-0.9147875062536833,0.3452337560990963
14,-0.22789039908226102,-0.2076813517227844,0.14040079075389064
15,-0.22709895859567333,-0.24615291743508738,0.5914653662843311
16,-0.22776300219384873,0.021465274216709795,-0.18293107018333385
17,-0.22794107707574632,-0.5118133456274613,-0.1429498667966007
18,-0.22785314098262405,0.8178638644003148,0.7964396351110605
19,-0.22784985166457988,2.845101871830016,-0.20655818629157588
20,-0.22791868888573055,0.34316415854402227,-0.06773791483413932
21,-0.227516791509746,0.22498905817888712,0.005125934707196951
22,-0.2277049715504195,2.414973058031877,0.5260259460001222
23,-0.2271278679241878,-0.5080613020490407,-0.4148994328006829
24,-0.2256952782824841,-0.6853969001895612,-0.33015371415966566
25,-0.22787434943443202,-0.04006602032526006,0.4039113135054828
26,-0.22520668056904852,0.29611296117642205,-0.9861755556440277
27,-0.2240685446355349,0.056490066168363134,-0.999725299554918
28,-0.22434523440388313,0.6204379588451819,-1.060546121298659
29,-0.22672967795536242,-0.6063071200563023,-0.7088314955772543
30,-0.20001730217281477,-0.803764316935762,-0.9810283223308579
31,-0.21604469147463104,0.9165030590562543,-0.2072188630808509
32,0.24920655731214122,-0.7776756051043118,-0.749750609272827
33,-0.22603357997443257,2.9646491009988796,-0.31691961605679825
34,-0.22012329521348734,-0.45780041059744914,0.7372016262540114
35,-0.22789775216204108,-0.2076813517227844,0.14040079075389064
36,-0.2279518855453521,0.8178638644003148,0.7964396351110605
37,-0.2278472485483558,0.22498905817888712,0.005125934707196951
38,-0.22628893598156455,-0.6063071200563023,-0.7088314955772543
39,-0.2273521453337966,-0.45780041059744914,0.7372016262540114
40,-0.22786349131091233,-0.9147875062536833,0.3452337560990963
41,-0.22784983319949476,-0.24615291743508738,0.5914653662843311
42,-0.22736041165777676,0.021465274216709795,-0.18293107018333385
43,-0.22767602459270542,-0.5118133456274613,-0.1429498667966007
44,-0.22791107783453826,0.8178638644003148,0.7964396351110605
45,-0.22743682854289413,2.845101871830016,-0.20655818629157588
46,-0.22790271836554554,0.34316415854402227,-0.06773791483413932
47,-0.22764477982231937,0.22498905817888712,0.005125934707196951
48,-0.22787068170751415,2.414973058031877,0.5260259460001222
49,-0.22673570764953585,-0.5080613020490407,-0.4148994328006829
50,-0.22268093601322989,-0.6853969001895612,-0.33015371415966566
51,-0.22792812404727147,2.287582245107403,0.38738452113778743
52,-0.22740866805711824,-0.04006602032526006,0.4039113135054828
53,-0.22298532518158803,0.29611296117642205,-0.9861755556440277
54,-0.18437401349279012,0.056490066168363134,-0.999725299554918
55,-0.22283323421905846,0.6204379588451819,-1.060546121298659
56,-0.15938658113475812,-0.6063071200563023,-0.7088314955772543
57,-0.0849807604177495,-0.803764316935762,-0.9810283223308579
58,-0.11164639144670735,0.9165030590562543,-0.2072188630808509
59,1.5814821260591747,-0.7776756051043118,-0.749750609272827
60,-0.22794187064072138,-0.2076813517227844,0.14040079075389064
61,-0.22655370545124895,-0.24615291743508738,0.5914653662843311
62,-0.22191920262518205,0.021465274216709795,-0.18293107018333385
63,-0.2279581505487897,-0.5118133456274613,-0.1429498667966007
64,-0.22763150692404785,0.8178638644003148,0.7964396351110605
65,-0.22761694436085794,2.845101871830016,-0.20655818629157588
66,-0.2278301728938596,2.414973058031877,0.5260259460001222
67,-0.22792205560713868,-0.5080613020490407,-0.4148994328006829
68,-0.2272838086039926,-0.6853969001895612,-0.33015371415966566
69,-0.2277087016726011,-0.04006602032526006,0.4039113135054828
70,-0.2245344102416733,0.29611296117642205,-0.9861755556440277
71,-0.22490492771381457,0.056490066168363134,-0.999725299554918
72,-0.1972749394422059,-0.7399970681472648,0.07759063289181463
73,-0.22291555189045345,-0.3976252781219589,-0.34759031479406705
74,-0.22607488824236047,0.4508613319407558,-1.4757191780507706
75,-0.22353970778963655,0.5775911954636364,1.20067520750161
76,-0.2177074447390521,0.014815168080744817,1.5304449550135626
77,-0.22545010992405476,-0.35936492884886073,0.8561210788908981
78,-0.22786351508105823,-0.5435614066756363,0.3860272483346432
79,-0.22777388733715984,-0.4124348940909133,0.4985805520681835
80,-0.22783716278465346,-0.10515443731701574,0.47774654803257216
81,-0.22770763249570128,-0.6733694434224984,0.36370283695236966
82,-0.2273929393049993,-0.401670195258854,-0.6327602750123148
83,-0.22777437042124032,-0.4169364954206836,0.9569912710146995
84,-0.22786365341360587,-0.4181434465018539,0.6877547989882397
85,-0.22755097887238354,-0.12327281167111204,0.4667194566070806
86,-0.22775799172101402,-0.4286483910972249,0.16334786789323485
87,-0.22788940953884934,-0.05156714138362112,1.4187182869722619
88,-0.2230208114935169,-0.3819349140667452,0.28217754536170264
89,-0.2273465675173413,-0.9844820307432984,0.43179497857713295
90,-0.18195142864896208,-0.3423608449629885,-0.9421182347937358
91,-0.22357930805531107,-0.48842320216583224,-0.035272891080502904
92,-0.1931099301419921,-1.039723253304554,0.6545676644155337
93,-0.22571534393052245,-0.6446191958043079,1.0394582955565337
94,-0.1983727608893131,-0.8521429394393378,-0.3316329640938107
95,-0.21564463873158526,-0.7072082304421387,-0.7876704162053724
96,0.059811912104558704,-0.7544134282834657,-0.7743877719691143
97,2.488711569833428,-0.49074417784094515,-0.7082353600715603
98,0.08355175447167232,-0.7818883285895505,0.04560127342252574
99,-0.22565665200497675,0.014815168080744817,1.5304449550135626
100,-0.2265656732142259,-0.35936492884886073,0.8561210788908981
101,-0.22786351508105823,-0.5435614066756363,0.3860272483346432
102,-0.21952275030894666,-0.568523027155774,0.4257634056361028
103,-0.21760801276890804,-0.4124348940909133,0.4985805520681835
104,-0.19023673001314903,0.404695453085992,-0.49395258962615973
105,-0.22771794485115293,-0.10515443731701574,0.47774654803257216
106,-0.20305631409858155,-0.6733694434224984,0.36370283695236966
107,-0.22753314382738532,-0.401670195258854,-0.6327602750123148
108,-0.2278255613894997,0.1465703958995536,1.3455288400208323
109,-0.22495362990157186,-0.4169364954206836,0.9569912710146995
110,-0.2272959594309055,-0.4181434465018539,0.6877547989882397
111,-0.22770107289304128,-0.12327281167111204,0.4667194566070806
112,-0.21907840823870084,-0.4286483910972249,0.16334786789323485
113,-0.22646618867446253,0.12576682313294316,-0.3731947863814598
114,-0.22786430267144075,-0.10312921431640777,1.0266959392281467
115,-0.22736312426147318,-0.5911397681362623,1.3946563462012298
116,-0.2245736882630526,-0.21785788501331227,0.49803780580174906
117,-0.2265412825384496,0.3244730583465085,0.9626312318329943
118,-0.21672678806218743,-0.05156714138362112,1.4187182869722619
119,-0.2000272864332654,0.08475283731910088,0.5873754025165681
120,-0.22737381086805775,-0.28805136210999893,-0.23439013394018512
121,-0.22250856002671116,-0.48935356029090105,0.5842202876100091
122,-0.21310834544198232,-0.3819349140667452,0.28217754536170264
123,-0.2272798706531278,-0.8476168728849492,0.38794097879326506
124,-0.20409669424810484,-0.9844820307432984,0.43179497857713295
125,-0.2137597675746515,-0.642022979017294,-0.4546841482708951
126,-0.19529735677605595,-0.3423608449629885,-0.9421182347937358
127,-0.21130388579095252,-0.48842320216583224,-0.035272891080502904
128,-0.22760956379413017,-0.2260313186961484,0.9548043924286707
129,-0.21755619093098805,-0.5071954458386358,1.4538736021447511
130,-0.1856965050861471,-0.7138464613885753,1.2660203228568396
131,0.6062308596445518,-1.039723253304554,0.6545676644155337
132,3.1876653345469323,-0.6446191958043079,1.0394582955565337
133,-0.20883552704168626,-1.0409302043857243,1.381412654000854
134,0.1103755312292937,-0.8521429394393378,-0.3316329640938107
135,0.2698330358035898,-0.7072082304421387,-0.7876704162053724
136,3.966177937443816,-0.7544134282834657,-0.7743877719691143
137,1.5552894135557924,-0.49074417784094515,-0.7082353600715603
138,1.2774876079271018,-0.7818883285895505,0.04560127342252574
139,-0.22235909205871374,-0.7399970681472648,0.07759063289181463
140,-0.2232018428427235,-0.3976252781219589,-0.34759031479406705
141,-0.20292007454456504,0.4508613319407558,-1.4757191780507706
142,-0.21047646166173203,-0.35936492884886073,0.8561210788908981
143,-0.2226367729597507,-0.5435614066756363,0.3860272483346432
144,-0.22770726631450405,-0.568523027155774,0.4257634056361028
145,-0.22624407126135604,-0.4124348940909133,0.4985805520681835
146,-0.2268581693035958,0.404695453085992,-0.49395258962615973
147,-0.15663238343162664,-0.6446191958043079,1.0394582955565337
148,-0.22561814164463675,-0.7399970681472648,0.07759063289181463
149,-0.18763143418912362,-0.3976252781219589,-0.34759031479406705
150,-0.22105360884007974,0.4508613319407558,-1.4757191780507706
151,-0.21540446249606324,-0.35936492884886073,0.8561210788908981
152,-0.2221438542493541,-0.6446191958043079,1.0394582955565337
153,-0.21193640598548796,-0.8521429394393378,-0.3316329640938107
154,-0.20211686447914565,-0.7072082304421387,-0.7876704162053724
155,-0.1926498150174328,-0.7544134282834657,-0.7743877719691143
156,-0.15987483683052972,-0.7818883285895505,0.04560127342252574
157,-0.2175371497860459,-0.7399970681472648,0.07759063289181463
158,-0.22580889174030574,-0.3976252781219589,-0.34759031479406705
159,-0.2260264394162638,0.4508613319407558,-1.4757191780507706
160,-0.2276031470740851,0.5775911954636364,1.20067520750161
161,-0.22544182463549864,0.014815168080744817,1.5304449550135626
162,-0.2270342097960978,-0.35936492884886073,0.8561210788908981
163,-0.22743244356589803,-0.5435614066756363,0.3860272483346432
164,-0.22744324966916651,-0.568523027155774,0.4257634056361028
165,-0.2269514055759724,-0.4124348940909133,0.4985805520681835
166,-0.21736887538411037,0.404695453085992,-0.49395258962615973
167,-0.22603399154045756,-0.10515443731701574,0.47774654803257216
168,-0.22401652599773686,-0.6733694434224984,0.36370283695236966
169,-0.2275243810447362,-0.401670195258854,-0.6327602750123148
170,-0.22689102836336764,0.1465703958995536,1.3455288400208323
171,-0.22725472653835582,-0.4169364954206836,0.9569912710146995
172,-0.22751925468636733,-0.4181434465018539,0.6877547989882397
173,-0.2262901298928724,-0.12327281167111204,0.4667194566070806
174,-0.22577533009003836,-0.4286483910972249,0.16334786789323485
175,-0.2272631858547852,0.12576682313294316,-0.3731947863814598
176,-0.22793579466045466,-0.10312921431640777,1.0266959392281467
177,-0.22709952044892087,-0.5911397681362623,1.3946563462012298
178,-0.22530474756509228,-0.21785788501331227,0.49803780580174906
179,-0.21894436848621607,0.3244730583465085,0.9626312318329943
180,-0.22594744291299027,-0.05156714138362112,1.4187182869722619
181,-0.2118779538632437,0.08475283731910088,0.5873754025165681
182,-0.22166295289021354,-0.28805136210999893,-0.23439013394018512
183,-0.14042172475557108,-0.48935356029090105,0.5842202876100091
184,-0.21533528144669806,-0.3819349140667452,0.28217754536170264
185,-0.2239026194850326,-0.8476168728849492,0.38794097879326506
186,-0.22625667244364442,-0.9844820307432984,0.43179497857713295
187,-0.2230391892999404,-0.642022979017294,-0.4546841482708951
188,-0.21560011529810022,-0.3423608449629885,-0.9421182347937358
189,-0.19809266943584547,-0.48842320216583224,-0.035272891080502904
190,-0.22741277664484272,-0.2260313186961484,0.9548043924286707
191,-0.2266673858127706,-0.5071954458386358,1.4538736021447511
192,-0.21962240530457214,-0.7138464613885753,1.2660203228568396
193,-0.18778480453940377,-1.039723253304554,0.6545676644155337
194,-0.19475618065582342,-0.6446191958043079,1.0394582955565337
195,1.0396039438365128,-1.0409302043857243,1.381412654000854
196,0.011936221790932702,-0.8521429394393378,-0.3316329640938107
197,-0.048501421951447,-0.7072082304421387,-0.7876704162053724
198,-0.03273697983557962,-0.7544134282834657,-0.7743877719691143
199,4.881135211287491,-0.49074417784094515,-0.7082353600715603
200,1.0128898152462902,-0.7818883285895505,0.04560127342252574
201,-0.22540064626873582,-0.10515443731701574,0.47774654803257216
202,-0.21584336160938697,-0.6733694434224984,0.36370283695236966
203,-0.15155105547681647,-0.401670195258854,-0.6327602750123148
204,-0.22346884553609994,0.1465703958995536,1.3455288400208323
205,-0.2059341517748731,-0.4169364954206836,0.9569912710146995
206,-0.22513519086949257,-0.4181434465018539,0.6877547989882397
207,-0.22027496385172915,-0.12327281167111204,0.4667194566070806
208,-0.21640890118021058,-0.4286483910972249,0.16334786789323485
209,-0.2243577046122242,0.12576682313294316,-0.3731947863814598
210,-0.22791779616233104,-0.10312921431640777,1.0266959392281467
211,-0.22755872980612368,-0.5911397681362623,1.3946563462012298
212,-0.22661689541825744,-0.21785788501331227,0.49803780580174906
213,-0.20207986108497408,0.3244730583465085,0.9626312318329943
214,-0.2242583715101775,-0.05156714138362112,1.4187182869722619
215,-0.22744954739578804,0.08475283731910088,0.5873754025165681
216,-0.22077462464939682,-0.28805136210999893,-0.23439013394018512
217,-0.21902953672338585,-0.48935356029090105,0.5842202876100091
218,-0.2168799778996942,-0.3819349140667452,0.28217754536170264
219,-0.20857006250527627,-0.8476168728849492,0.38794097879326506
220,-0.20785786068394685,-0.9844820307432984,0.43179497857713295
221,-0.18219715721384333,-0.642022979017294,-0.4546841482708951
222,-0.2112558392541087,-0.3423608449629885,-0.9421182347937358
223,-0.2186674215327064,-0.48842320216583224,-0.035272891080502904
224,-0.15832698000462653,-0.2260313186961484,0.9548043924286707
225,-0.06824115728188714,-0.5071954458386358,1.4538736021447511
226,-0.14961741986393623,-0.7138464613885753,1.2660203228568396
227,1.6706589439374426,-0.49074417784094515,-0.7082353600715603
228,0.2326095497118647,-0.7818883285895505,0.04560127342252574
229,-0.20231634028422335,0.48988608356526203,-0.31635078201553496
230,-0.2033433253238251,0.6835011528363295,-0.5550099058734799
231,-0.22717035577543646,1.1714111273994197,-0.9438486040800975
232,-0.22615558750057863,2.034381150436178,-1.48488069689056
233,-0.17988070492995945,1.1813684738190744,-0.595500547174334
234,-0.21196998895024613,0.22214410205898574,-0.9779121594601805
235,-0.1721792854664843,-0.1462777154682458,-0.9309944322385563
236,-0.2277855888823899,1.8927655569121973,-0.3394882913303079
237,-0.22783052317202238,1.9865858876218347,-0.40615859594843434
238,-0.22762954456047468,3.06256936591758,-1.1742953403726133
239,-0.227686492523745,0.911192474299105,-1.104911377254606
240,-0.22489554624999847,-0.3854287198280277,-1.2130081970883657
241,-0.2277248069097386,1.3937918641050464,-1.5038620239765688
242,-0.2271694428403855,0.7830746170328785,-1.0730330310875846
243,-0.2268169293029446,0.41188686994463186,-1.3710355816139772
244,-0.22795314390074342,1.0816369565047532,-0.16610999732476045
245,-0.22693507548742942,1.2029427243949935,-0.9609874998688188
246,-0.2277458767036828,-0.08845523011902182,-1.2732198441355842
247,-0.2279226087023649,1.6897463271336772,-0.6694120352631963
248,-0.2252105734353232,1.018178629719175,-1.419452962217116
249,-0.22112621663167253,1.6811573879705253,-1.3860321154291095
250,-0.21733943432686123,1.2231893287816253,-1.4154681689462383
251,-0.2255247745870488,3.2502837854584823,-0.6854797500651217
252,-0.21597674646392104,-0.1838361274020317,-1.1773209568440879
253,-0.21918004740693245,-0.5019762570148071,-0.3296334262517929
254,-0.22099541582022422,-0.9789015398927224,-0.6522731394744741
255,-0.22602525760849979,0.5040736751958812,-0.9776601168750525
256,-0.1723195863455422,-0.7584828418904765,-1.300374573760908
257,2.3539029768009776,-0.8532493112637439,-1.1878636328720185
258,-0.1936865543919677,-0.82171771426817,-0.958630901697869
259,-0.19465033524061806,-0.8383132916342616,-0.7658183240747533
260,1.3038332780328823,-0.3885731450131817,-0.9629545776809326
261,0.16287547096553034,0.20645373800377192,-0.07925947760189865
262,0.23332123945709993,-0.8695895720549726,-0.12383483912722255
263,1.1868853387077238,0.3797147418928229,-0.8979118531305891
264,-0.2277855888823899,1.8927655569121973,-0.3394882913303079
265,-0.22705634433901004,1.9865858876218347,-0.40615859594843434
266,-0.224952593765474,3.06256936591758,-1.1742953403726133
267,-0.22697451643350358,0.911192474299105,-1.104911377254606
268,-0.05436303311536357,-0.3854287198280277,-1.2130081970883657
269,-0.18754921074294809,1.3937918641050464,-1.5038620239765688
270,-0.22645595087125783,0.7493302763884928,-0.8446572447028722
271,-0.1913615961499194,-0.03895964850085409,-0.7536068608252885
272,-0.2107424833461594,1.1543413906800113,-1.4379078803610434
273,-0.2274622201947644,0.7830746170328785,-1.0730330310875846
274,-0.2180913122983266,0.41188686994463186,-1.3710355816139772
275,-0.22371262009961312,1.2046022821316027,-1.4258800481378862
276,-0.22791354586619553,1.0816369565047532,-0.16610999732476045
277,-0.2259593177123597,1.6897463271336772,-0.6694120352631963
278,-0.22705543227213001,0.355258101563846,-0.7176151796689734
279,-0.2070795022782368,3.2110075856920663,-1.524428698923035
280,-0.2262584390520571,3.915213251926549,-1.3817473914819285
281,-0.22403927844979044,0.7634365171496701,-1.140517433255675
282,-0.22260224789728555,0.9491747000621946,-1.1523935702831858
283,-0.2205175237229854,1.018178629719175,-1.419452962217116
284,-0.22597393444768135,1.6811573879705253,-1.3860321154291095
285,-0.19660446257290642,1.2231893287816253,-1.4154681689462383
286,-0.18712280069878454,3.2502837854584823,-0.6854797500651217
287,-0.0747295214309886,-0.1838361274020317,-1.1773209568440879
288,-0.22651650364664835,-0.5019762570148071,-0.3296334262517929
289,-0.21891011009535657,-0.9789015398927224,-0.6522731394744741
290,-0.13277844662505725,0.5040736751958812,-0.9776601168750525
291,-0.13164761723763652,-0.7584828418904765,-1.300374573760908
292,15.180486496668625,-0.8532493112637439,-1.1878636328720185
293,8.782197891182669,-0.82171771426817,-0.958630901697869
294,-0.05365813028766198,-0.8383132916342616,-0.7658183240747533
295,3.5196261246460923,-0.3885731450131817,-0.9629545776809326
296,1.5459378120944811,0.20645373800377192,-0.07925947760189865
297,1.81894364456203,-0.8695895720549726,-0.12383483912722255
298,2.6930187479604077,0.3797147418928229,-0.8979118531305891
299,-0.22604711738223301,0.48988608356526203,-0.31635078201553496
300,-0.22105721246621177,0.6835011528363295,-0.5550099058734799
301,-0.22644517801322173,1.1714111273994197,-0.9438486040800975
302,-0.2265187265924312,2.034381150436178,-1.48488069689056
303,-0.2094498176902938,1.1813684738190744,-0.595500547174334
304,0.021884135727466815,0.22214410205898574,-0.9779121594601805
305,-0.14381708278077354,-0.1462777154682458,-0.9309944322385563
306,-0.2268571184951179,1.8927655569121973,-0.3394882913303079
307,-0.22786571311897383,1.9865858876218347,-0.40615859594843434
308,-0.2276865009603692,3.06256936591758,-1.1742953403726133
309,-0.22794568747571192,1.0816369565047532,-0.16610999732476045
310,-0.22793699946880805,1.6897463271336772,-0.6694120352631963
311,-0.22782485858462692,0.355258101563846,-0.7176151796689734
312,-0.22707406887245565,3.915213251926549,-1.3817473914819285
313,-0.22728786657701694,0.7634365171496701,-1.140517433255675
314,-0.2273773860688,0.9491747000621946,-1.1523935702831858
315,-0.22626539073604246,1.018178629719175,-1.419452962217116
316,-0.2275120243300869,1.6811573879705253,-1.3860321154291095
317,-0.22664229915031933,1.2231893287816253,-1.4154681689462383
318,-0.2272617401326902,3.2502837854584823,-0.6854797500651217
319,-0.2261908439487284,-0.1838361274020317,-1.1773209568440879
320,-0.2235010111302271,-0.5019762570148071,-0.3296334262517929
321,-0.22545974392862864,-0.9789015398927224,-0.6522731394744741
322,-0.22309764853929606,0.5040736751958812,-0.9776601168750525
323,-0.0800423409735385,-0.7584828418904765,-1.300374573760908
324,2.0705656098561915,-0.8532493112637439,-1.1878636328720185
325,0.3112969009991784,-0.82171771426817,-0.958630901697869
326,0.29715311141906486,-0.8383132916342616,-0.7658183240747533
327,0.22408041220153052,-0.3885731450131817,-0.9629545776809326
328,0.51806057511211,0.20645373800377192,-0.07925947760189865
329,0.1551680988161178,-0.8695895720549726,-0.12383483912722255
330,0.1981251966467555,0.3797147418928229,-0.8979118531305891
331,-0.22536591452696336,0.48988608356526203,-0.31635078201553496
332,-0.21827857371704826,0.6835011528363295,-0.5550099058734799
333,-0.22204117892048394,1.1714111273994197,-0.9438486040800975
334,-0.22229864362932114,1.1813684738190744,-0.595500547174334
335,-0.2163847681995543,0.22214410205898574,-0.9779121594601805
336,-0.07151943172757487,-0.1462777154682458,-0.9309944322385563
337,-0.19376867804914774,0.48988608356526203,-0.31635078201553496
338,-0.2167439762194626,0.6835011528363295,-0.5550099058734799
339,-0.22690754218572792,1.1714111273994197,-0.9438486040800975
340,-0.22756779508000535,2.034381150436178,-1.48488069689056
341,-0.19873243159599915,1.1813684738190744,-0.595500547174334
342,-0.2233446247748312,0.22214410205898574,-0.9779121594601805
343,-0.21372055273022322,-0.1462777154682458,-0.9309944322385563
344,-0.22691901652093513,1.8927655569121973,-0.3394882913303079
345,-0.22711264825412963,1.9865858876218347,-0.40615859594843434
346,-0.2270599805615432,3.06256936591758,-1.1742953403726133
347,-0.22725930686960014,0.911192474299105,-1.104911377254606
348,-0.2263764565177007,-0.3854287198280277,-1.2130081970883657
349,-0.21472319526680486,1.3937918641050464,-1.5038620239765688
350,-0.22603818469028492,0.7493302763884928,-0.8446572447028722
351,-0.21256215380056087,-0.03895964850085409,-0.7536068608252885
352,-0.20315736804906437,1.1543413906800113,-1.4379078803610434
353,-0.22330805013991228,0.7830746170328785,-1.0730330310875846
354,-0.10821677789848416,0.41188686994463186,-1.3710355816139772
355,-0.2194276294207656,1.2046022821316027,-1.4258800481378862
356,-0.22795215328054175,1.0816369565047532,-0.16610999732476045
357,-0.2279006196112396,1.2029427243949935,-0.9609874998688188
358,-0.2279216314689227,-0.08845523011902182,-1.2732198441355842
359,-0.22625847921233552,1.6897463271336772,-0.6694120352631963
360,-0.2270749787783722,0.355258101563846,-0.7176151796689734
361,-0.2195504477268018,3.2110075856920663,-1.524428698923035
362,-0.2115613698279288,3.915213251926549,-1.3817473914819285
363,-0.22617162515531986,0.7634365171496701,-1.140517433255675
364,-0.19201403853320387,0.9491747000621946,-1.1523935702831858
365,-0.22182279297214766,1.018178629719175,-1.419452962217116
366,-0.22562694359612467,1.6811573879705253,-1.3860321154291095
367,-0.220012639760337,1.2231893287816253,-1.4154681689462383
368,-0.22360145301950432,3.2502837854584823,-0.6854797500651217
369,-0.20268083813748602,-0.1838361274020317,-1.1773209568440879
370,-0.0577008696010055,-0.5019762570148071,-0.3296334262517929
371,-0.21806917996887493,-0.9789015398927224,-0.6522731394744741
372,-0.20937893192313697,0.5040736751958812,-0.9776601168750525
373,0.24641643955107623,-0.7584828418904765,-1.300374573760908
374,7.366635593346518,-0.8532493112637439,-1.1878636328720185
375,0.3961799402204582,-0.82171771426817,-0.958630901697869
376,0.10256597115936714,-0.8383132916342616,-0.7658183240747533
377,3.8682443772700332,-0.3885731450131817,-0.9629545776809326
378,1.883086750244994,0.20645373800377192,-0.07925947760189865
379,2.884632625341236,-0.8695895720549726,-0.12383483912722255
380,4.709221145789312,0.3797147418928229,-0.8979118531305891
381,-0.10323307194953701,0.911192474299105,-1.104911377254606
382,-0.20268189223446478,-0.3854287198280277,-1.2130081970883657
383,-0.21638690860500018,1.3937918641050464,-1.5038620239765688
384,-0.14567828745853187,0.7493302763884928,-0.8446572447028722
385,-0.21430878133263112,-0.03895964850085409,-0.7536068608252885
386,-0.16090511559846712,1.1543413906800113,-1.4379078803610434
387,-0.052540601126942955,0.7830746170328785,-1.0730330310875846
388,-0.19680582925148113,0.41188686994463186,-1.3710355816139772
389,-0.2161162967381417,1.2046022821316027,-1.4258800481378862
390,-0.2279513500749728,1.0816369565047532,-0.16610999732476045
391,-0.2279286963312393,-0.08845523011902182,-1.2732198441355842
392,-0.22656256079264636,1.6897463271336772,-0.6694120352631963
393,-0.2272968814439648,0.355258101563846,-0.7176151796689734
394,-0.21274246521277831,3.2110075856920663,-1.524428698923035
395,-0.218119163451429,3.915213251926549,-1.3817473914819285
396,-0.22689105848357644,0.7634365171496701,-1.140517433255675
397,-0.15876489236616928,0.9491747000621946,-1.1523935702831858
398,-0.19763049640490007,1.018178629719175,-1.419452962217116
399,-0.21014966466825521,1.6811573879705253,-1.3860321154291095
400,-0.20457861116600978,1.2231893287816253,-1.4154681689462383
401,-0.20048316950018732,3.2502837854584823,-0.6854797500651217
402,-0.05167377331023629,-0.1838361274020317,-1.1773209568440879
403,-0.18084123838969554,-0.5019762570148071,-0.3296334262517929
404,0.04276880413531515,-0.9789015398927224,-0.6522731394744741
405,0.0721383411610889,0.5040736751958812,-0.9776601168750525
406,-0.09704816961782742,-0.7584828418904765,-1.300374573760908
407,0.06748867644831553,-0.3885731450131817,-0.9629545776809326
408,0.06758860966371297,0.20645373800377192,-0.07925947760189865
409,-0.20896208449532463,-0.8695895720549726,-0.12383483912722255
410,0.2892585291313799,0.3797147418928229,-0.8979118531305891
411,-0.22343194913431516,-0.9679662398068515,0.6798743152285666
412,-0.21028699462859685,-0.9511632177236838,-0.054661266941494625
413,-0.22314017273503495,-1.0001201709536538,-0.43160985619468567
414,-0.20137546318778787,-0.31442748071315263,1.8211382258652211
415,-0.20853930720405228,-0.7911273589739566,2.6543986156582724
416,-0.22362007073793394,-0.7714311153817603,2.431262004180922
417,-0.2273477384928689,-0.9222364961627876,1.1834436157287616
418,-0.22787968026287242,-0.8829139058056324,1.318967671475186
419,-0.22782223375964153,-0.3457263816316365,0.7977163962872403
420,-0.22789878556784804,-0.5378933519649546,0.46414007771241395
421,-0.22786156175658323,-0.3767487961398416,-0.03112206475667206
422,-0.2278281718075987,-0.19492238632842368,2.9324324621886797
423,-0.2278377399939385,-0.43262685947589746,2.4148700921980395
424,-0.2277814453236266,0.2617723292240769,1.3526855275368044
425,-0.22789503699786662,-0.5084761914831929,1.5074955251511215
426,-0.22776836645961263,-0.42537025235824394,0.6960184012675158
427,-0.22794211321093022,0.44284254736037787,1.9570063546611773
428,-0.22478009904217539,-0.8812046782071882,0.8867071684083093
429,-0.22690876298167495,-0.4239119626986237,0.31979210071892716
430,-0.22719867569830976,-0.924505258638152,0.5391079132920199
431,-0.22197401471188133,-0.9702842090367894,0.8665938462649522
432,-0.22606927377665356,-0.2757232189237596,0.4035899592094436
433,-0.22543241478221063,-0.2927336857240034,-0.06582942925724383
434,-0.22715644172876215,-0.6427225583910403,0.5774426333662872
435,-0.21167708665277876,-0.875376747751866,0.1039806372028579
436,-0.22394798709864164,-0.7329313753595805,0.8763021286821161
437,-0.2232783063474312,-0.9181326653531082,-0.34577716034955713
438,-0.2250541204219289,-0.12348645588548013,-0.9376357543566852
439,-0.14019847526800017,-0.7665240359957819,-0.3743880589645997
440,0.2788036509254384,-0.751085317917366,-0.20635878312755113
441,0.4384308588825239,-0.7268211855111559,0.05225233354962649
442,-0.22673176819298477,-0.9511632177236838,-0.054661266941494625
443,-0.22308208587899572,-0.7911273589739566,2.6543986156582724
444,-0.22055634738857421,-0.5652293506474574,0.7015717256271383
445,-0.22728835330554006,-0.9222364961627876,1.1834436157287616
446,-0.2271010573386141,-0.8829139058056324,1.318967671475186
447,-0.22784352650252726,-0.3457263816316365,0.7977163962872403
448,-0.2276812933918673,-0.5378933519649546,0.46414007771241395
449,-0.2259963013011905,-0.3767487961398416,-0.03112206475667206
450,-0.22791221016508273,0.9593599743627813,2.3471783985521437
451,-0.22790353792480672,-0.19492238632842368,2.9324324621886797
452,-0.2278666687811792,-0.43262685947589746,2.4148700921980395
453,-0.22786309725459833,0.2617723292240769,1.3526855275368044
454,-0.22791893661126383,-0.5084761914831929,1.5074955251511215
455,-0.22739411361222928,-0.42537025235824394,0.6960184012675158
456,-0.22789842150533268,0.44284254736037787,1.9570063546611773
457,-0.22775480232556744,-0.3571327325086303,2.2308646473209155
458,-0.22705080045334924,-0.6049794738670151,1.6249719439729382
459,-0.227676445319432,-0.8569667205937485,0.021628242938051375
460,-0.2276151014503026,-0.8812046782071882,0.8867071684083093
461,-0.22675534381887516,-0.9801300436717708,0.8619872554949447
462,-0.2253283666509752,-0.4239119626986237,0.31979210071892716
463,-0.21394221079893155,-0.924505258638152,0.5391079132920199
464,-0.22238478207952586,-0.8992252070779531,-0.2541111993457518
465,-0.22487257239680908,-0.8726108181908507,0.824885441315953
466,-0.2274182204662058,-0.22792795610941602,0.6414278443108461
467,-0.2274511631776575,-0.9702842090367894,0.8665938462649522
468,-0.22782273635086409,-0.027981035781747345,1.946642650395257
469,-0.21281035921889038,-0.2757232189237596,0.4035899592094436
470,-0.1969528450493339,-0.2927336857240034,-0.06582942925724383
471,0.6568131800316352,-1.0059286230317859,0.9065094325097376
472,-0.1881179215348532,-0.6427225583910403,0.5774426333662872
473,-0.11085571099493485,-0.875376747751866,0.1039806372028579
474,-0.08810779848209098,-0.7329313753595805,0.8763021286821161
475,-0.1709794709298787,-1.0400048752234938,1.4146776926453273
476,1.032455562843743,-0.9181326653531082,-0.34577716034955713
477,0.8085234269047229,-0.12348645588548013,-0.9376357543566852
478,1.6152076287879522,-0.7665240359957819,-0.3743880589645997
479,0.6641679889625328,-0.751085317917366,-0.20635878312755113
480,0.4617007830047665,-0.7268211855111559,0.05225233354962649
481,-0.19655170751191983,-0.9679662398068515,0.6798743152285666
482,-0.21343442267300655,-0.9511632177236838,-0.054661266941494625
483,-0.2224593269509588,-1.0001201709536538,-0.43160985619468567
484,-0.21203761885914946,-0.31442748071315263,1.8211382258652211
485,-0.21970785051972128,-0.7911273589739566,2.6543986156582724
486,-0.22426995551938267,-0.7714311153817603,2.431262004180922
487,-0.22150006646128462,-0.5652293506474574,0.7015717256271383
488,-0.22779312739784843,-0.9222364961627876,1.1834436157287616
489,-0.22769647486892733,-0.8829139058056324,1.318967671475186
490,-0.22793218023539455,-0.42537025235824394,0.6960184012675158
491,-0.22796408088324024,-0.3571327325086303,2.2308646473209155
492,-0.22757621291400723,-0.8569667205937485,0.021628242938051375
493,-0.22783359057659378,-0.9801300436717708,0.8619872554949447
494,-0.2278596909327992,-0.8726108181908507,0.824885441315953
495,-0.22785883418019234,-0.9702842090367894,0.8665938462649522
496,-0.22010773193541264,-0.2757232189237596,0.4035899592094436
497,-0.05018349763154733,-0.6427225583910403,0.5774426333662872
498,-0.2098252078718798,-0.7329313753595805,0.8763021286821161
499,-0.22563435842052906,-0.9181326653531082,-0.34577716034955713
500,-0.22288872850057997,-0.9511632177236838,-0.054661266941494625
501,-0.20659685128272176,-1.0001201709536538,-0.43160985619468567
502,-0.22465878584786422,-0.9679662398068515,0.6798743152285666
503,-0.22546757073062573,-0.9511632177236838,-0.054661266941494625
504,-0.22644282963518403,-1.0001201709536538,-0.43160985619468567
505,-0.22690607173433558,-0.31442748071315263,1.8211382258652211
506,-0.2254406030936959,-0.7911273589739566,2.6543986156582724
507,-0.22729988342477866,-0.7714311153817603,2.431262004180922
508,-0.1597538757042018,-0.5652293506474574,0.7015717256271383
509,-0.22725866071187345,-0.9222364961627876,1.1834436157287616
510,-0.22739113254568993,-0.8829139058056324,1.318967671475186
511,-0.227396378901927,-0.3457263816316365,0.7977163962872403
512,-0.22752421570921452,-0.5378933519649546,0.46414007771241395
513,-0.22654490731748247,-0.3767487961398416,-0.03112206475667206
514,-0.22607442822601928,0.9593599743627813,2.3471783985521437
515,-0.22791945388938026,-0.19492238632842368,2.9324324621886797
516,-0.22624153626019705,-0.43262685947589746,2.4148700921980395
517,-0.22740492307927992,0.2617723292240769,1.3526855275368044
518,-0.22787605676114137,-0.5084761914831929,1.5074955251511215
519,-0.22683201618088086,-0.42537025235824394,0.6960184012675158
520,-0.2278379666561161,0.44284254736037787,1.9570063546611773
521,-0.22641391979317407,-0.3571327325086303,2.2308646473209155
522,-0.2260467643159245,-0.6049794738670151,1.6249719439729382
523,-0.2253050848158034,-0.8569667205937485,0.021628242938051375
524,-0.22585269812275677,-0.8812046782071882,0.8867071684083093
525,-0.22524745740873545,-0.9801300436717708,0.8619872554949447
526,-0.22663605127439265,-0.4239119626986237,0.31979210071892716
527,-0.2238374977720897,-0.924505258638152,0.5391079132920199
528,-0.22740287922308275,-0.8992252070779531,-0.2541111993457518
529,-0.22247590552056604,-0.8726108181908507,0.824885441315953
530,-0.2268759113652225,-0.22792795610941602,0.6414278443108461
531,-0.227202469888422,-0.9702842090367894,0.8665938462649522
532,-0.22674402218185036,-0.027981035781747345,1.946642650395257
533,-0.15237395655911748,-0.2757232189237596,0.4035899592094436
534,-0.18819374699800404,-0.2927336857240034,-0.06582942925724383
535,-0.17651097988630182,-1.0059286230317859,0.9065094325097376
536,-0.2059329697581468,-0.6427225583910403,0.5774426333662872
537,1.7520588952137306,-0.875376747751866,0.1039806372028579
538,0.020666112542067423,-0.7329313753595805,0.8763021286821161
539,-0.10914355818256832,-1.0400048752234938,1.4146776926453273
540,-0.011317557391082507,-0.9181326653531082,-0.34577716034955713
541,0.05958646478009385,-0.12348645588548013,-0.9376357543566852
542,-0.008160495969823774,-0.7665240359957819,-0.3743880589645997
543,3.198710740107865,-0.751085317917366,-0.20635878312755113
544,0.6630789845325958,-0.7268211855111559,0.05225233354962649
545,-0.2276518918165557,-0.3457263816316365,0.7977163962872403
546,-0.22447328379615122,-0.5378933519649546,0.46414007771241395
547,-0.22340413787421093,-0.3767487961398416,-0.03112206475667206
548,-0.2277617768272576,0.9593599743627813,2.3471783985521437
549,-0.22794946254188583,-0.19492238632842368,2.9324324621886797
550,-0.22790933171431058,-0.43262685947589746,2.4148700921980395
551,-0.22786724552740023,0.2617723292240769,1.3526855275368044
552,-0.22788875358763472,-0.5084761914831929,1.5074955251511215
553,-0.22790990020536323,-0.42537025235824394,0.6960184012675158
554,-0.22767206880527846,0.44284254736037787,1.9570063546611773
555,-0.2279481037857984,-0.3571327325086303,2.2308646473209155
556,-0.22793547337822712,-0.6049794738670151,1.6249719439729382
557,-0.2099247096362298,-0.8569667205937485,0.021628242938051375
558,-0.22485707424787316,-0.8812046782071882,0.8867071684083093
559,-0.20251993072280738,-0.9801300436717708,0.8619872554949447
560,-0.1306911995239343,-0.4239119626986237,0.31979210071892716
561,-0.07878876240889712,-0.924505258638152,0.5391079132920199
562,-0.21996777878727108,-0.8992252070779531,-0.2541111993457518
563,-0.226711854954425,-0.8726108181908507,0.824885441315953
564,-0.2278431181245604,-0.22792795610941602,0.6414278443108461
565,-0.22740346124514446,-0.9702842090367894,0.8665938462649522
566,-0.21931212969733896,-0.027981035781747345,1.946642650395257
567,-0.22038038629349155,-0.2757232189237596,0.4035899592094436
568,-0.2274948202291204,-0.2927336857240034,-0.06582942925724383
569,-0.21009826956484884,-0.6427225583910403,0.5774426333662872
570,-0.21993922727060908,-0.7665240359957819,-0.3743880589645997
571,-0.14241416795728362,-0.751085317917366,-0.20635878312755113
572,0.5236238061728682,-0.9760565837728211,-1.3421136949705106
573,3.8063821561277886,0.3681851828805908,-1.231139344738539
574,-0.16920927023554538,-0.9760565837728211,-1.3421136949705106
575,-0.16639630532993435,0.3681851828805908,-1.231139344738539
576,0.07507502504436062,-0.9760565837728211,-1.3421136949705106
577,0.9377550131278758,0.3681851828805908,-1.231139344738539
578,-0.19243121353845877,-0.9760565837728211,-1.3421136949705106
